last name,first name,date,accuracy,wpm,idle time in lesson,idle time in results screen,total idle time

Cluver,Joel,2020/10/29,94.0,18,1,0,1
Erickson,Nathan,2020/10/29,97.0,25,0,0,0
Hardin,Ben,2020/10/29,99.0,34,3,0,3
Jobe,Jackson,2020/10/29,99.0,35,0,0,0
Laughlin,Brennan,2020/10/29,96.0,21,0,0,0
McClain,Joey,2020/10/29,95.0,21,2,0,2
Meers,Logan,2020/10/29,98.0,30,1,2,4
Meers,Tyler,2020/10/29,96.0,27,0,0,7
Meller,Lydia,2020/10/29,98.0,26,0,0,0
Morris,Sydney,2020/10/29,96.0,27,0,0,0
Pavely,Gage,2020/10/29,90.0,-89,0,0,0
Schnitzler,Sam,2020/10/29,94.0,19,5,0,5
broken,I'm probobly,2020/10/27,98.0,28,0,0,0
