last name,first name,date,accuracy,wpm,idle time in lesson,idle time in results screen,total idle time

Blaise,Beau,2020/11/03,98.0,38,0,0,0
Cluver,Joel,2020/11/03,96.0,32,0,0,0
Erickson,Nathan,2020/11/03,87.0,-131,0,0,0
Hardin,Ben,2020/11/03,97.0,51,0,0,0
Jobe,Jackson,2020/11/03,99.0,53,0,0,0
Laughlin,Brennan,2020/11/02,96.0,31,1,0,1
McClain,Joey,2020/11/03,95.0,38,0,0,0
Meers,Tyler,2020/11/03,94.0,32,0,0,0
Meers,Logan,2020/11/03,99.0,45,0,0,0
Meller,Lydia,2020/11/03,99.0,45,0,0,0
Morris,Sydney,2020/11/03,97.0,44,0,0,0
Pavely,Gage,2020/11/03,89.0,-113,0,0,0
Schnitzler,Sam,2020/11/03,86.0,-145,0,0,0
Yutzy,Mikalya,2020/11/03,98.0,35,0,0,0
