last name,first name,date,accuracy,wpm,idle time in lesson,idle time in results screen,total idle time

Blaise,Beau,2020/11/03,96.0,35,0,8,8
Cluver,Joel,2020/10/28,96.0,30,6,0,7
Erickson,Nathan,2020/10/28,95.0,30,0,0,0
Hardin,Ben,2020/10/28,96.0,45,1,0,4
Jobe,Jackson,2020/10/28,99.0,48,0,0,0
McClain,Joey,2020/10/28,95.0,34,0,0,0
Meers,Tyler,2020/10/28,95.0,34,2,0,2
Meers,Logan,2020/10/28,98.0,47,0,0,0
Meller,Lydia,2020/10/28,89.0,-8,1,0,1
Morris,Sydney,2020/10/28,96.0,39,1,0,1
Pavely,Gage,2020/10/28,96.0,52,0,0,0
Schnitzler,Sam,2020/10/28,94.0,28,0,0,0
Yutzy,Mikalya,2020/10/28,98.0,32,0,0,2
