last name,first name,date,accuracy,wpm,idle time in lesson,idle time in results screen,total idle time

Blaise,Beau,2020/10/16,98.0,27,0,0,2
Cluver,Joel,2020/10/16,93.0,17,1,1,2
Erickson,Nathan,2020/10/16,95.0,22,0,0,0
Hardin,Ben,2020/10/16,96.0,31,0,0,2
Jobe,Jackson,2020/10/16,99.0,34,0,0,0
Meers,Logan,2020/10/16,98.0,32,1,0,1
Meers,Tyler,2020/10/16,95.0,25,0,0,0
Meller,Lydia,2020/10/16,91.0,-18,0,0,13
Morris,Sydney,2020/10/16,95.0,26,0,0,0
Pavely,Gage,2020/10/16,95.0,37,3,0,3
Yutzy,Mikalya,2020/10/16,98.0,20,3,0,4
