last name,first name,date,accuracy,wpm,idle time in lesson,idle time in results screen,total idle time

Blaise,Beau,2020/11/03,96.0,35,1,3,4
Cluver,Joel,2020/10/27,95.0,29,1,0,1
Erickson,Nathan,2020/10/27,96.0,32,0,0,0
Hardin,Ben,2020/10/27,97.0,50,0,0,1
Jobe,Jackson,2020/10/27,99.0,53,0,0,0
McClain,Joey,2020/10/27,96.0,36,0,0,0
Meers,Tyler,2020/10/27,87.0,-16,0,0,0
Meers,Logan,2020/10/27,99.0,48,0,0,0
Meller,Lydia,2020/10/27,94.0,29,0,0,0
Morris,Sydney,2020/10/27,94.0,34,0,0,22
Pavely,Gage,2020/10/27,98.0,63,0,0,0
Schnitzler,Sam,2020/10/27,94.0,26,0,0,1
Yutzy,Mikalya,2020/10/27,98.0,35,0,0,1
broken,I'm probobly,2020/10/27,96.0,52,0,0,0
