last name,first name,date,accuracy,wpm,idle time in lesson,idle time in results screen,total idle time

Blaise,Beau,2020/10/22,98.0,26,0,0,0
Cluver,Joel,2020/10/22,89.0,8,0,0,0
Erickson,Nathan,2020/10/22,95.0,23,0,0,0
Hardin,Ben,2020/10/22,97.0,34,0,3,3
Jobe,Jackson,2020/10/22,99.0,36,0,0,0
Meers,Tyler,2020/10/22,96.0,27,0,0,0
Meers,Logan,2020/10/22,99.0,32,0,0,1
Meller,Lydia,2020/10/22,97.0,25,1,0,1
Morris,Sydney,2020/10/22,95.0,29,0,0,0
Pavely,Gage,2020/10/22,75.0,-94,0,0,2
Schnitzler,Sam,2020/10/22,95.0,23,0,0,0
Yutzy,Mikalya,2020/10/22,98.0,20,1,0,1
