last name,first name,date,accuracy,wpm,idle time in lesson,idle time in results screen,total idle time

Cluver,Joel,2020/10/30,94.0,22,0,17,17
Erickson,Nathan,2020/10/30,96.0,32,0,0,0
Hardin,Ben,2020/10/30,96.0,46,0,1,1
Jobe,Jackson,2020/10/30,98.0,45,0,0,0
Laughlin,Brennan,2020/10/30,95.0,28,0,0,0
McClain,Joey,2020/10/30,95.0,33,0,0,0
Meers,Logan,2020/10/30,97.0,38,1,0,1
Meers,Tyler,2020/10/30,93.0,27,1,1,3
Meller,Lydia,2020/10/30,97.0,41,0,68,74
Morris,Sydney,2020/10/30,94.0,34,0,0,0
Pavely,Gage,2020/10/30,96.0,52,0,0,0
Schnitzler,Sam,2020/10/30,94.0,28,0,0,0
Yutzy,Mikalya,2020/10/30,97.0,31,0,0,0
a,a,2020/10/28,99.0,83,0,0,0
