last name,first name,date,accuracy,wpm,idle time in lesson,idle time in results screen,total idle time

Blaise,Beau,2020/11/02,96.0,31,0,0,0
Cluver,Joel,2020/11/02,95.0,27,0,0,0
Erickson,Nathan,2020/11/02,95.0,29,0,0,0
Hardin,Ben,2020/11/02,96.0,44,0,0,0
Jobe,Jackson,2020/11/02,98.0,44,0,0,0
Laughlin,Brennan,2020/11/03,95.0,29,0,0,0
McClain,Joey,2020/11/02,95.0,34,0,0,0
Meers,Tyler,2020/11/02,91.0,20,0,0,0
Meller,Lydia,2020/11/02,97.0,39,0,0,0
Morris,Sydney,2020/11/02,94.0,34,0,0,0
Pavely,Gage,2020/11/02,89.0,-2,0,0,0
Schnitzler,Sam,2020/11/02,93.0,23,0,0,0
Yutzy,Mikalya,2020/11/02,97.0,28,0,0,0
