last name,first name,date,accuracy,wpm,idle time in lesson,idle time in results screen,total idle time

Blaise,Beau,2020/09/24,97,30,0,0,0
Erickson,Nathan,2020/09/24,94,23,1,0,1
Hardin,Ben,2020/09/24,97,41,0,0,0
Jobe,Jackson,2020/09/24,98,39,0,0,0
Laughlin,Brennan,2020/09/24,93,23,0,0,0
McClain,Joey,2020/09/24,93,21,1,0,1
Meers,Tyler,2020/09/24,93,34,15,0,15
Meers,Logan,2020/09/24,97,45,0,0,0
Meller,Lydia,2020/09/24,97,39,0,0,0
Morris,Sydney,2020/09/24,93,39,0,0,0
Pavely,Gage,2020/09/24,95,61,0,0,0
Pavely,Gage,2020/10/02,0,0,0,0,0
Schnitzler,Sam,2020/09/24,95,25,3,0,10
