last name,first name,date,accuracy,wpm,idle time in lesson,idle time in results screen,total idle time

Blaise,Beau,2020/10/01,97.0,29,0,0,0
Hardin,Ben,2020/10/01,97.0,41,0,0,0
Jobe,Jackson,2020/10/01,98.0,41,0,0,0
Jobe,Jackson,2020/10/07,92.0,26,0,0,0
McClain,Joey,2020/10/01,95.0,26,0,0,0
Meers,Tyler,2020/10/01,94.0,26,2,2,4
Meers,Logan,2020/10/01,96.0,38,1,2,3
Morris,Sydney,2020/10/01,93.0,28,4,0,4
Pavely,Gage,2020/10/01,97.0,58,0,0,0
Schnitzler,Sam,2020/10/01,94.0,17,1,0,1
broken,I'm probobly,2020/10/07,90.0,19,0,164,164
