last name,first name,date,accuracy,wpm,idle time in lesson,idle time in results screen,total idle time

Blaise,Beau,2020/09/23,100,36,0,0,0
Blaise,Beau,2020/09/29,59.0,-51,6,0,6
a,a,3/3/2020,100,53,0,0,0
b,b,3/3/2020,100,34,2,99,101
broken,I'm probobly,3/3/2020,100,45,0,0,0
broken,I'm probobly,3/4/2020,100,0,0,4,4
broken,I'm probobly,2020-03-06,16,16,0,0,0
broken,I'm probobly,2020/03/11,100,58,0,0,0
broken,I'm probobly,2020/03/12,100,79,0,0,0
broken,I'm probobly,2020/08/31,100,37,17,0,17
broken,I'm probobly,2020/09/22,97,52,0,0,0
broken,I'm probobly,2020/09/28,100.0,58,0,0,0
broken,I'm probobly,2020/09/30,100.0,9,0,0,0
broken,I'm probobly,2020/10/01,94.0,33,0,0,0
broken,I'm probobly,2020/10/07,98.0,55,0,0,0
broken,I'm probobly,2020/10/08,97.0,67,0,0,61
broken,I'm probobly,2020/10/12,95.0,39,0,0,0
broken,I'm probobly,2020/10/21,98.0,68,0,0,0
broken,I'm probobly,2020/10/22,98.0,57,0,0,0
broken,I'm probobly,2020/10/23,100.0,41,0,0,0
broken,I'm probobly,2020/10/27,97.0,43,8,0,8
c,c,3/3/2020,100,44,3,3,6
d,d,2020/03/12,100,74,0,0,0
