last name,first name,date,accuracy,wpm,idle time in lesson,idle time in results screen,total idle time

Hardin,Ben,2020/11/02,100.0,36,0,0,0
Meers,Tyler,2020/11/02,100.0,45,0,0,0
b,b,2020/08/22,100,72,0,0,0
broken,I'm probobly,2020/04/22,100,74,0,0,0
broken,I'm probobly,2020/08/12,98,78,0,0,0
broken,I'm probobly,2020/08/20,95,49,0,0,0
broken,I'm probobly,2020/08/22,100,95,0,0,0
broken,I'm probobly,2020/08/24,87,28,0,0,0
broken,I'm probobly,2020/08/27,100,82,0,0,0
broken,I'm probobly,2020/08/28,96,77,0,0,0
broken,I'm probobly,2020/10/28,91.0,26,0,0,0
broken,I'm probobly,2020/10/29,100.0,95,0,0,0
broken,I'm probobly,2020/11/03,93.0,28,0,0,0
d,d,2020/04/27,100,83,0,0,0
